{
  "total_grade": 86.39682539682539,
  "formula": {
    "requirements": {
      "details": [
        {
          "name": "c++",
          "grade": 38.095238095238095
        },
        {
          "name": "java",
          "grade": 57.142857142857143
        },
        {
          "name": "c",
          "grade": 23.1746031746031744
        },
        {
          "name": "angular",
          "grade": 83.5714285714285716
        }
      ],
      "grade": 24
    },
    "candidate_type": 16,
    "locations": 20,
    "scope_of_position": 20,
    "academy": 20
  }
}